don_hang_id,dong,ma_hang,so_luong,don_gia,ngay
DH001,1,SP-A,2,150000,2026-07-01
DH001,2,SP-B,1,300000,2026-07-01
DH002,1,SP-A,5,150000,2026-07-01
DH003,1,SP-C,1,900000,2026-07-02
DH003,2,SP-A,3,150000,2026-07-02
DH003,3,SP-B,2,300000,2026-07-02
DH004,1,SP-B,4,300000,2026-07-02
DH005,1,SP-C,2,900000,2026-07-03
DH005,2,SP-C,1,900000,2026-07-03
DH006,1,SP-A,10,150000,2026-07-03
DH007,1,SP-D,1,45000,2026-07-04
DH007,2,SP-A,1,150000,2026-07-04
DH008,1,SP-B,3,300000,2026-07-04
DH009,1,SP-D,6,45000,2026-07-05
DH010,1,SP-A,1,150000,2026-07-05
