don_hang_id,khach_id,ngay_dat,ngay_giao,ngay_nhan,trang_thai,phi_ship
DH001,C1,2026-07-01,2026-07-03,2026-07-05,hoan_thanh,60000
DH002,C2,2026-07-01,2026-07-02,2026-07-04,hoan_thanh,30000
DH003,C1,2026-07-02,2026-07-05,2026-07-09,hoan_thanh,90000
DH004,C3,2026-07-02,2026-07-04,,dang_giao,30000
DH005,C2,2026-07-03,2026-07-06,2026-07-08,hoan_thanh,45000
DH006,C4,2026-07-03,,,moi,30000
DH007,C1,2026-07-04,2026-07-07,2026-07-10,hoan_thanh,25000
DH008,C3,2026-07-04,2026-07-06,,dang_giao,30000
DH009,C2,2026-07-05,,,moi,30000
DH010,C4,2026-07-05,2026-07-08,2026-07-11,hoan_thanh,30000
