ngay,ma_hang,ton_cuoi_ngay,gia_von
2026-07-01,SP-A,93,90000
2026-07-01,SP-B,49,200000
2026-07-01,SP-C,20,650000
2026-07-01,SP-D,200,30000
2026-07-02,SP-A,90,90000
2026-07-02,SP-B,43,200000
2026-07-02,SP-C,19,650000
2026-07-02,SP-D,200,30000
2026-07-03,SP-A,80,90000
2026-07-03,SP-B,43,200000
2026-07-03,SP-C,16,650000
2026-07-03,SP-D,200,30000
2026-07-04,SP-A,79,90000
2026-07-04,SP-B,41,200000
2026-07-04,SP-C,16,650000
2026-07-04,SP-D,199,30000
2026-07-05,SP-A,78,90000
2026-07-05,SP-B,41,200000
2026-07-05,SP-C,16,650000
2026-07-05,SP-D,193,30000
