su_kien_id,khach_id,thoi_diem,loai_su_kien,ma_hang,don_hang_id
E001,C1,2026-07-01 09:00:00,xem,SP-A,
E002,C1,2026-07-01 09:05:00,them_gio,SP-A,
E003,C1,2026-07-01 09:10:00,xem,SP-B,
E004,C1,2026-07-01 09:12:00,them_gio,SP-B,
E005,C1,2026-07-01 09:20:00,thanh_toan,,DH001
E006,C2,2026-07-01 14:00:00,xem,SP-A,
E007,C2,2026-07-01 14:03:00,them_gio,SP-A,
E008,C2,2026-07-01 14:10:00,thanh_toan,,DH002
E009,C1,2026-07-02 08:00:00,xem,SP-C,
E010,C1,2026-07-02 08:04:00,them_gio,SP-C,
E011,C1,2026-07-02 08:10:00,xem,SP-A,
E012,C1,2026-07-02 08:11:00,them_gio,SP-A,
E013,C1,2026-07-02 08:15:00,xem,SP-B,
E014,C1,2026-07-02 08:16:00,them_gio,SP-B,
E015,C1,2026-07-02 08:30:00,thanh_toan,,DH003
E016,C3,2026-07-02 15:00:00,xem,SP-B,
E017,C3,2026-07-02 15:02:00,them_gio,SP-B,
E018,C3,2026-07-02 15:10:00,thanh_toan,,DH004
E019,C3,2026-07-02 16:00:00,xem,SP-C,
E020,C2,2026-07-03 10:00:00,xem,SP-C,
E021,C2,2026-07-03 10:05:00,them_gio,SP-C,
E022,C2,2026-07-03 10:06:00,them_gio,SP-C,
E023,C2,2026-07-03 10:20:00,thanh_toan,,DH005
E024,C4,2026-07-03 11:00:00,xem,SP-A,
E025,C4,2026-07-03 11:02:00,them_gio,SP-A,
E026,C4,2026-07-03 11:15:00,thanh_toan,,DH006
E027,C1,2026-07-03 13:00:00,xem,SP-D,
E028,C1,2026-07-04 09:00:00,xem,SP-D,
E029,C1,2026-07-04 09:02:00,them_gio,SP-D,
E030,C1,2026-07-04 09:05:00,xem,SP-A,
E031,C1,2026-07-04 09:06:00,them_gio,SP-A,
E032,C1,2026-07-04 09:15:00,thanh_toan,,DH007
E033,C3,2026-07-04 10:00:00,xem,SP-B,
E034,C3,2026-07-04 10:01:00,them_gio,SP-B,
E035,C3,2026-07-04 10:10:00,thanh_toan,,DH008
E036,C2,2026-07-04 20:00:00,xem,SP-C,
E037,C2,2026-07-05 08:00:00,xem,SP-D,
E038,C2,2026-07-05 08:02:00,them_gio,SP-D,
E039,C2,2026-07-05 08:10:00,thanh_toan,,DH009
E040,C4,2026-07-05 09:00:00,xem,SP-A,
E041,C4,2026-07-05 09:01:00,them_gio,SP-A,
E042,C4,2026-07-05 09:30:00,thanh_toan,,DH010
E043,C1,2026-07-05 09:50:00,xem,SP-C,
